subject,state,start_ts,title_internal,n_samples,sig_hash,file
Akshat,Concentrated,1732965218,Akshat-Concentrated-4,9193,56d3376a1750,Akshat-Concentrated-10_EPOCFLEX_250510_2024.11.30T16.43.38+05.30.md.bp.csv
Akshat,Concentrated,1732963415,Akshat-Relaxed-1,19270,2f8fe8f50950,Akshat-Concentrated-1_EPOCFLEX_250510_2024.11.30T16.13.35+05.30.md.bp.csv
Akshat,Concentrated,1732964198,Akshat-Concentrated-2,19540,1d330ecd74bb,Akshat-Concentrated-2_EPOCFLEX_250510_2024.11.30T16.26.38+05.30.md.bp.csv
Akshat,Concentrated,1732964896,Akshat-Concentrated-3,31162,95efb79f711b,Akshat-Concentrated-3_EPOCFLEX_250510_2024.11.30T16.38.16+05.30.md.bp.csv
Akshat,Concentrated,1732965218,Akshat-Concentrated-4,9193,56d3376a1750,Akshat-Concentrated-4_EPOCFLEX_250510_2024.11.30T16.43.38+05.30.md.bp.csv
Akshat,Concentrated,1732963415,Akshat-Relaxed-1,19270,2f8fe8f50950,Akshat-Concentrated-5_EPOCFLEX_250510_2024.11.30T16.13.35+05.30.md.bp.csv
Akshat,Concentrated,1732963415,Akshat-Relaxed-1,19270,2f8fe8f50950,Akshat-Concentrated-6_EPOCFLEX_250510_2024.11.30T16.13.35+05.30.md.bp.csv
Akshat,Concentrated,1732963415,Akshat-Relaxed-1,19270,2f8fe8f50950,Akshat-Concentrated-7_EPOCFLEX_250510_2024.11.30T16.13.35+05.30.md.bp.csv
Akshat,Concentrated,1732964198,Akshat-Concentrated-2,19540,1d330ecd74bb,Akshat-Concentrated-8_EPOCFLEX_250510_2024.11.30T16.26.38+05.30.md.bp.csv
Akshat,Concentrated,1732964198,Akshat-Concentrated-2,19540,1d330ecd74bb,Akshat-Concentrated-9_EPOCFLEX_250510_2024.11.30T16.26.38+05.30.md.bp.csv
Akshat,Relaxed,1732964575,Akshat-Relaxed-3,30877,26a06e324973,Akshat-Relaxed-10_EPOCFLEX_250510_2024.11.30T16.32.55+05.30.md.bp.csv
Akshat,Relaxed,1732963026,Akshat-Relaxed-1,19285,b02cd401784f,Akshat-Relaxed-1_EPOCFLEX_250510_2024.11.30T16.07.06+05.30.md.bp.csv
Akshat,Relaxed,1732963706,Akshat-Relaxed-2,23113,80bb7799c832,Akshat-Relaxed-2_EPOCFLEX_250510_2024.11.30T16.18.26+05.30.md.bp.csv
Akshat,Relaxed,1732964575,Akshat-Relaxed-3,30877,26a06e324973,Akshat-Relaxed-3_EPOCFLEX_250510_2024.11.30T16.32.55+05.30.md.bp.csv
Akshat,Relaxed,1732963026,Akshat-Relaxed-1,19285,b02cd401784f,Akshat-Relaxed-4_EPOCFLEX_250510_2024.11.30T16.07.06+05.30.md.bp.csv
Akshat,Relaxed,1732963026,Akshat-Relaxed-1,19285,b02cd401784f,Akshat-Relaxed-5_EPOCFLEX_250510_2024.11.30T16.07.06+05.30.md.bp.csv
Akshat,Relaxed,1732963026,Akshat-Relaxed-1,19285,b02cd401784f,Akshat-Relaxed-6_EPOCFLEX_250510_2024.11.30T16.07.06+05.30.md.bp.csv
Akshat,Relaxed,1732963706,Akshat-Relaxed-2,23113,80bb7799c832,Akshat-Relaxed-7_EPOCFLEX_250510_2024.11.30T16.18.26+05.30.md.bp.csv
Akshat,Relaxed,1732963706,Akshat-Relaxed-2,23113,80bb7799c832,Akshat-Relaxed-8_EPOCFLEX_250510_2024.11.30T16.18.26+05.30.md.bp.csv
Akshat,Relaxed,1732964575,Akshat-Relaxed-3,30877,26a06e324973,Akshat-Relaxed-9_EPOCFLEX_250510_2024.11.30T16.32.55+05.30.md.bp.csv
Moyukh,Concentrated,1732963415,Akshat-Relaxed-1,19270,2f8fe8f50950,Moyukh-Concentrated-10_EPOCFLEX_250510_2024.11.30T16.13.35+05.30.md.bp.csv
Moyukh,Concentrated,1732963415,Akshat-Relaxed-1,19270,2f8fe8f50950,Moyukh-Concentrated-1_EPOCFLEX_250510_2024.11.30T16.13.35+05.30.md.bp.csv
Moyukh,Concentrated,1732964198,Akshat-Concentrated-2,19540,1d330ecd74bb,Moyukh-Concentrated-2_EPOCFLEX_250510_2024.11.30T16.26.38+05.30.md.bp.csv
Moyukh,Concentrated,1732964896,Akshat-Concentrated-3,31162,95efb79f711b,Moyukh-Concentrated-3_EPOCFLEX_250510_2024.11.30T16.38.16+05.30.md.bp.csv
Moyukh,Concentrated,1732963415,Akshat-Relaxed-1,19270,2f8fe8f50950,Moyukh-Concentrated-4_EPOCFLEX_250510_2024.11.30T16.13.35+05.30.md.bp.csv
Moyukh,Concentrated,1732963415,Akshat-Relaxed-1,19270,2f8fe8f50950,Moyukh-Concentrated-5_EPOCFLEX_250510_2024.11.30T16.13.35+05.30.md.bp.csv
Moyukh,Concentrated,1732963415,Akshat-Relaxed-1,19270,2f8fe8f50950,Moyukh-Concentrated-6_EPOCFLEX_250510_2024.11.30T16.13.35+05.30.md.bp.csv
Moyukh,Concentrated,1732964198,Akshat-Concentrated-2,19540,1d330ecd74bb,Moyukh-Concentrated-7_EPOCFLEX_250510_2024.11.30T16.26.38+05.30.md.bp.csv
Moyukh,Concentrated,1732964896,Akshat-Concentrated-3,31162,95efb79f711b,Moyukh-Concentrated-8_EPOCFLEX_250510_2024.11.30T16.38.16+05.30.md.bp.csv
Moyukh,Concentrated,1732963415,Akshat-Relaxed-1,19270,2f8fe8f50950,Moyukh-Concentrated-9_EPOCFLEX_250510_2024.11.30T16.13.35+05.30.md.bp.csv
Moyukh,Relaxed,1733043480,Moyukh-Relaxed-2,43313,f6deabb661a4,Moyukh-Relaxed-10_EPOCFLEX_250709_2024.12.01T14.28.00+05.30.md.bp.csv
Moyukh,Relaxed,1733043110,Moyukh-Relaxed-1,43615,9a861e6b923f,Moyukh-Relaxed-1_EPOCFLEX_250709_2024.12.01T14.21.50+05.30.md.bp.csv
Moyukh,Relaxed,1733043480,Moyukh-Relaxed-2,43313,f6deabb661a4,Moyukh-Relaxed-2_EPOCFLEX_250709_2024.12.01T14.28.00+05.30.md.bp.csv
Moyukh,Relaxed,1733044295,Moyukh-Relaxed-3,38032,e04842f7ddbf,Moyukh-Relaxed-3_EPOCFLEX_250709_2024.12.01T14.41.35+05.30.md.bp.csv
Moyukh,Relaxed,1733043110,Moyukh-Relaxed-1,43615,9a861e6b923f,Moyukh-Relaxed-4_EPOCFLEX_250709_2024.12.01T14.21.50+05.30.md.bp.csv
Moyukh,Relaxed,1733043110,Moyukh-Relaxed-1,43615,9a861e6b923f,Moyukh-Relaxed-5_EPOCFLEX_250709_2024.12.01T14.21.50+05.30.md.bp.csv
Moyukh,Relaxed,1733043110,Moyukh-Relaxed-1,43615,9a861e6b923f,Moyukh-Relaxed-6_EPOCFLEX_250709_2024.12.01T14.21.50+05.30.md.bp.csv
Moyukh,Relaxed,1733043480,Moyukh-Relaxed-2,43313,f6deabb661a4,Moyukh-Relaxed-7_EPOCFLEX_250709_2024.12.01T14.28.00+05.30.md.bp.csv
Moyukh,Relaxed,1733043480,Moyukh-Relaxed-2,43313,f6deabb661a4,Moyukh-Relaxed-8_EPOCFLEX_250709_2024.12.01T14.28.00+05.30.md.bp.csv
Moyukh,Relaxed,1733043480,Moyukh-Relaxed-2,43313,f6deabb661a4,Moyukh-Relaxed-9_EPOCFLEX_250709_2024.12.01T14.28.00+05.30.md.bp.csv
Namay,Concentrated,1732960917,Namay-Concentrated-1,15440,95f02142bb83,Namay-Concentrated-10_EPOCFLEX_250502_2024.11.30T15.31.57+05.30.md.csv
Namay,Concentrated,1732960917,Namay-Concentrated-1,15440,95f02142bb83,Namay-Concentrated-1_EPOCFLEX_250502_2024.11.30T15.31.57+05.30.md.csv
Namay,Concentrated,1732962064,Namay-Concentrated-2,19281,493f7d8d4abe,Namay-Concentrated-2_EPOCFLEX_250502_2024.11.30T15.51.04+05.30.md.bp.csv
Namay,Concentrated,1732960917,Namay-Concentrated-1,15440,95f02142bb83,Namay-Concentrated-3_EPOCFLEX_250502_2024.11.30T15.31.57+05.30.md.csv
Namay,Concentrated,1732960917,Namay-Concentrated-1,15440,95f02142bb83,Namay-Concentrated-4_EPOCFLEX_250502_2024.11.30T15.31.57+05.30.md.csv
Namay,Concentrated,1732960917,Namay-Concentrated-1,15440,95f02142bb83,Namay-Concentrated-5_EPOCFLEX_250502_2024.11.30T15.31.57+05.30.md.csv
Namay,Concentrated,1732960917,Namay-Concentrated-1,15440,95f02142bb83,Namay-Concentrated-6_EPOCFLEX_250502_2024.11.30T15.31.57+05.30.md.csv
Namay,Concentrated,1732962064,Namay-Concentrated-2,19281,493f7d8d4abe,Namay-Concentrated-7_EPOCFLEX_250502_2024.11.30T15.51.04+05.30.md.bp.csv
Namay,Concentrated,1732962064,Namay-Concentrated-2,19281,493f7d8d4abe,Namay-Concentrated-8_EPOCFLEX_250502_2024.11.30T15.51.04+05.30.md.bp.csv
Namay,Concentrated,1732962064,Namay-Concentrated-2,19281,493f7d8d4abe,Namay-Concentrated-9_EPOCFLEX_250502_2024.11.30T15.51.04+05.30.md.bp.csv
Namay,Relaxed,1733043480,Moyukh-Relaxed-2,43313,f6deabb661a4,Namay-Relaxed-8_EPOCFLEX_250709_2024.12.01T14.28.00+05.30.md.bp.csv
Namay,Relaxed,1733043480,Moyukh-Relaxed-2,43313,f6deabb661a4,Namay-Relaxed-2_EPOCFLEX_250709_2024.12.01T14.28.00+05.30.md.bp.csv
Namay,Relaxed,1733043480,Moyukh-Relaxed-2,43313,f6deabb661a4,Namay-Relaxed-10_EPOCFLEX_250709_2024.12.01T14.28.00+05.30.md.bp.csv
Namay,Relaxed,1733040488,Namay-Relaxed-1,10385,68a031270c01,Namay-Relaxed-1_EPOCFLEX_250502_2024.12.01T13.38.08+05.30.md.bp.csv
Namay,Relaxed,1733043480,Moyukh-Relaxed-2,43313,f6deabb661a4,Namay-Relaxed-2_EPOCFLEX_250709_2024.12.01T14.28.00+05.30.md.bp.csv
Namay,Relaxed,1733040488,Namay-Relaxed-1,10385,68a031270c01,Namay-Relaxed-3_EPOCFLEX_250502_2024.12.01T13.38.08+05.30.md.bp.csv
Namay,Relaxed,1733040488,Namay-Relaxed-1,10385,68a031270c01,Namay-Relaxed-4_EPOCFLEX_250502_2024.12.01T13.38.08+05.30.md.bp.csv
Namay,Relaxed,1733040488,Namay-Relaxed-1,10385,68a031270c01,Namay-Relaxed-5_EPOCFLEX_250502_2024.12.01T13.38.08+05.30.md.bp.csv
Namay,Relaxed,1733040488,Namay-Relaxed-1,10385,68a031270c01,Namay-Relaxed-6_EPOCFLEX_250502_2024.12.01T13.38.08+05.30.md.bp.csv
Namay,Relaxed,1733043480,Moyukh-Relaxed-2,43313,f6deabb661a4,Namay-Relaxed-7_EPOCFLEX_250709_2024.12.01T14.28.00+05.30.md.bp.csv
Shaurya,Concentrated,1732967133,Shaurya-Concentrated-4,12706,53b2e80c9e10,Shaurya-Concentrated-10_EPOCFLEX_250520_2024.11.30T17.15.33+05.30.md.bp.csv
Shaurya,Concentrated,1732965980,Shaurya-Concentrated-1,8371,a6b62686595d,Shaurya-Concentrated-1_EPOCFLEX_250520_2024.11.30T16.56.20+05.30.md.csv
Shaurya,Concentrated,1732966118,Shaurya-Concentrated-1,10327,be262d385e60,Shaurya-Concentrated-2_EPOCFLEX_250520_2024.11.30T16.58.38+05.30.md.bp.csv
Shaurya,Concentrated,1732966585,Shaurya-Concentrated-2,18973,3ca2be1afd66,Shaurya-Concentrated-3_EPOCFLEX_250520_2024.11.30T17.06.25+05.30.md.bp.csv
Shaurya,Concentrated,1732967133,Shaurya-Concentrated-4,12706,53b2e80c9e10,Shaurya-Concentrated-4_EPOCFLEX_250520_2024.11.30T17.15.33+05.30.md.bp.csv
Shaurya,Concentrated,1732965980,Shaurya-Concentrated-1,8371,a6b62686595d,Shaurya-Concentrated-5_EPOCFLEX_250520_2024.11.30T16.56.20+05.30.md.csv
Shaurya,Concentrated,1732965980,Shaurya-Concentrated-1,8371,a6b62686595d,Shaurya-Concentrated-6_EPOCFLEX_250520_2024.11.30T16.56.20+05.30.md.csv
Shaurya,Concentrated,1732965980,Shaurya-Concentrated-1,8371,a6b62686595d,Shaurya-Concentrated-7_EPOCFLEX_250520_2024.11.30T16.56.20+05.30.md.csv
Shaurya,Concentrated,1732966118,Shaurya-Concentrated-1,10327,be262d385e60,Shaurya-Concentrated-8_EPOCFLEX_250520_2024.11.30T16.58.38+05.30.md.bp.csv
Shaurya,Concentrated,1732966118,Shaurya-Concentrated-1,10327,be262d385e60,Shaurya-Concentrated-9_EPOCFLEX_250520_2024.11.30T16.58.38+05.30.md.bp.csv
Shaurya,Relaxed,1732966819,Shaurya-Relaxed-2,21586,4eed0bcfebd5,Shaurya-Relaxed-10_EPOCFLEX_250520_2024.11.30T17.10.19+05.30.md.bp.csv
Shaurya,Relaxed,1732966306,Shaurya-Relaxed-1,21007,0f0307ca9242,Shaurya-Relaxed-1_EPOCFLEX_250520_2024.11.30T17.01.46+05.30.md.bp.csv
Shaurya,Relaxed,1732966819,Shaurya-Relaxed-2,21586,4eed0bcfebd5,Shaurya-Relaxed-2_EPOCFLEX_250520_2024.11.30T17.10.19+05.30.md.bp.csv
Shaurya,Relaxed,1732966306,Shaurya-Relaxed-1,21007,0f0307ca9242,Shaurya-Relaxed-3_EPOCFLEX_250520_2024.11.30T17.01.46+05.30.md.bp.csv
Shaurya,Relaxed,1732966306,Shaurya-Relaxed-1,21007,0f0307ca9242,Shaurya-Relaxed-4_EPOCFLEX_250520_2024.11.30T17.01.46+05.30.md.bp.csv
Shaurya,Relaxed,1732966306,Shaurya-Relaxed-1,21007,0f0307ca9242,Shaurya-Relaxed-5_EPOCFLEX_250520_2024.11.30T17.01.46+05.30.md.bp.csv
Shaurya,Relaxed,1732966306,Shaurya-Relaxed-1,21007,0f0307ca9242,Shaurya-Relaxed-6_EPOCFLEX_250520_2024.11.30T17.01.46+05.30.md.bp.csv
Shaurya,Relaxed,1732966819,Shaurya-Relaxed-2,21586,4eed0bcfebd5,Shaurya-Relaxed-7_EPOCFLEX_250520_2024.11.30T17.10.19+05.30.md.bp.csv
Shaurya,Relaxed,1732966306,Shaurya-Relaxed-1,21007,0f0307ca9242,Shaurya-Relaxed-8_EPOCFLEX_250520_2024.11.30T17.01.46+05.30.md.bp.csv
Shaurya,Relaxed,1732966819,Shaurya-Relaxed-2,21586,4eed0bcfebd5,Shaurya-Relaxed-9_EPOCFLEX_250520_2024.11.30T17.10.19+05.30.md.bp.csv
